Lizard,year,date,aggression,boldness,sex,avgmass,trialnum,assayyear,yrsinsite,avgbothNymph_Larva,avgtotal
2,2015,10/6/2015,5,-0.195732794,0,755.6,1,1,1,6,8
2,2015,10/21/2015,5,-1.4138571,0,755.6,2,1,1,5.333333333,7.333333333
2,2015,11/4/2015,5,-1.007815665,0,755.6,3,1,1,5,7.25
13,2015,10/7/2015,2,-2.22593997,1,705,1,1,1,4.5,5
13,2015,10/22/2015,2,-0.60177423,1,705,2,1,1,4,4.333333333
13,2015,11/6/2015,2,0.210308641,1,705,3,1,1,3,4
13,2017,9/19/2017,3,-1.753034488,1,681.6666667,1,2,3,0,2
13,2017,10/2/2017,5,1.463141109,1,681.6666667,2,2,3,106,108
13,2017,11/28/2017,5,0.927111843,1,681.6666667,3,2,3,77.16666667,78.33333333
24,2014,10/15/2014,5,1.990264129,1,572.5,1,1,1,0,4
24,2014,11/11/2014,5,1.029086702,1,572.5,2,1,1,0,4.25
24,2015,9/28/2015,5,1.022391511,1,669.4,1,2,2,1,3.5
24,2015,10/13/2015,5,0.616350076,1,669.4,2,2,2,1.333333333,5.333333333
24,2015,10/27/2015,5,0.616350076,1,669.4,3,2,2,2,5.75
102,2014,10/15/2014,3,1.029086702,0,660,1,1,1,7.5,10
102,2014,11/11/2014,5,1.029086702,0,660,2,1,1,6.75,9.5
102,2015,10/1/2015,9,0.616350076,0,661.6,1,2,2,0.5,5
102,2015,10/16/2015,3,0.616350076,0,661.6,2,2,2,0.666666667,4
102,2015,10/30/2015,9,0.616350076,0,661.6,3,2,2,0.75,3.75
121,2015,10/21/2015,11,0.616350076,1,697,1,1,1,0,3
121,2015,11/4/2015,5,-0.60177423,1,697,2,1,1,0,2
877,2015,10/5/2015,11,0.616350076,0,647,1,1,1,0,2
877,2015,10/21/2015,11,-1.819898535,0,647,2,1,1,0,1.666666667
877,2015,11/4/2015,11,-0.195732794,0,647,3,1,1,0,1.5
927,2017,9/25/2017,2,-0.144946689,0,657.8,1,1,1,0,1
927,2017,10/9/2017,2,-0.144946689,0,657.8,2,1,1,0,1
927,2017,12/5/2017,5,-1.753034488,0,657.8,3,1,1,0.166666667,1
1001,2017,9/25/2017,2,-1.217005222,0,797.4,1,1,1,0,5
1001,2017,10/9/2017,1,0.927111843,0,797.4,2,1,1,0,5
1001,2017,12/4/2017,3,0.927111843,0,797.4,3,1,1,0,3.5
1247,2016,11/21/2016,1,1.232984704,1,589.6666667,1,1,1,5,6.5
1247,2017,9/21/2017,5,1.463141109,1,602.5,1,2,2,0,2
1247,2017,10/4/2017,2,1.463141109,1,602.5,2,2,2,1,2.5
1247,2017,11/30/2017,5,-0.144946689,1,602.5,3,2,2,0.666666667,1.333333333
2368,2010,10/20/2010,11,1.141746454,1,787,1,1,1,27.75,28
2368,2010,10/31/2010,11,1.141746454,1,787,2,1,1,26.2,26.4
2368,2010,11/21/2010,11,1.141746454,1,787,3,1,1,20.14285714,20.42857143
2368,2011,10/12/2011,11,NA,1,812,1,2,2,0,1
2368,2011,11/4/2011,8,NA,1,812,2,2,2,0,0.75
2378,2014,10/16/2014,11,1.990264129,1,736.6666667,1,1,1,3,3.5
2378,2014,11/13/2014,11,0.067909275,1,736.6666667,2,1,1,3,3.75
2378,2016,11/24/2016,5,0.093968811,1,714.3333333,1,2,3,0,1.666666667
2378,2017,9/22/2017,11,-0.144946689,1,727.6,1,3,4,0,0
2378,2017,10/5/2017,1,-0.144946689,1,727.6,2,3,4,0,0
2378,2017,12/4/2017,11,-0.144946689,1,727.6,3,3,4,0,0.333333333
2408,2010,9/18/2010,5,-0.100032167,1,756.6666667,1,1,1,0.666666667,4
2408,2010,10/6/2010,5,-0.100032167,1,756.6666667,2,1,1,3.8,6.4
2408,2010,11/8/2010,5,1.141746454,1,756.6666667,3,1,1,8.625,10.375
2408,2011,9/23/2011,4,NA,1,729.2857143,1,2,2,1,5.5
2408,2011,10/17/2011,5,NA,1,729.2857143,2,2,2,1.25,5.25
2408,2011,11/20/2011,5,NA,1,729.2857143,3,2,2,2.285714286,7.285714286
2408,2014,10/14/2014,5,1.990264129,1,721.6666667,1,3,5,3,15.5
2408,2014,11/11/2014,5,1.990264129,1,721.6666667,2,3,5,3,15
2408,2015,10/7/2015,5,-1.007815665,1,773.2,1,4,6,0,8.5
2408,2015,10/14/2015,5,1.022391511,1,773.2,2,4,6,0,8.666666667
2408,2015,10/22/2015,9,1.022391511,1,773.2,3,4,6,0,8.666666667
2408,2016,9/22/2016,5,1.232984704,1,738.8333333,1,5,7,3,5
2408,2016,10/5/2016,5,1.802492651,1,738.8333333,2,5,7,9.5,11
2408,2016,11/14/2016,5,1.802492651,1,738.8333333,3,5,7,23.6,25
2408,2017,9/22/2017,5,1.463141109,1,766.8,1,6,8,11,14
2408,2017,10/5/2017,2,1.463141109,1,766.8,2,6,8,20,23
2408,2017,12/4/2017,5,1.463141109,1,766.8,3,6,8,12,14
3549,2010,9/29/2010,2,-1.341810787,0,766.25,1,1,1,0.25,1.25
3549,2010,10/21/2010,3,1.141746454,0,766.25,2,1,1,0.166666667,1
3549,2010,11/21/2010,8,-1.341810787,0,766.25,3,1,1,0.666666667,1.444444444
4997,2010,9/25/2010,3,-0.100032167,1,675.8333333,1,1,1,0.5,2.25
4997,2010,10/17/2010,3,-1.341810787,1,675.8333333,2,1,1,0.333333333,1.666666667
4997,2010,11/18/2010,1,1.141746454,1,675.8333333,3,1,1,0.555555556,1.444444444
4997,2011,9/26/2011,3,NA,1,666.25,1,2,2,0,0.666666667
4997,2011,10/23/2011,3,NA,1,666.25,2,2,2,0,0.666666667
4997,2011,11/19/2011,5,NA,1,666.25,3,2,2,0,0.5
4997,2015,9/29/2015,5,-0.195732794,1,697,1,3,6,0,0
4997,2015,10/14/2015,5,1.022391511,1,697,2,3,6,0,0
4997,2015,10/28/2015,5,-1.819898535,1,697,3,3,6,0,0
4997,2016,9/26/2016,5,1.232984704,1,645.1666667,1,4,7,1,1
4997,2016,10/6/2016,5,1.802492651,1,645.1666667,2,4,7,1.5,1.5
4997,2016,11/16/2016,2,1.802492651,1,645.1666667,3,4,7,0.6,1
4997,2017,9/19/2017,2,1.463141109,1,625.3333333,1,5,8,2,3
4997,2017,10/2/2017,5,1.463141109,1,625.3333333,2,5,8,3.5,4.5
4997,2017,11/28/2017,8,1.463141109,1,625.3333333,3,5,8,1.666666667,2.666666667
7618,2015,10/27/2015,11,0.616350076,0,815,1,1,1,0,1
9164,2010,9/13/2010,5,-0.100032167,NA,797.5,1,1,1,0,2.333333333
9164,2010,10/17/2010,4,-0.720921477,NA,797.5,2,1,1,0,1.333333333
9164,2010,11/29/2010,8,-1.341810787,NA,797.5,3,1,1,0.1,1
9164,2011,9/15/2011,5,NA,NA,785.625,1,2,2,4,6
9164,2011,10/16/2011,6,NA,NA,785.625,2,2,2,2.6,4
9164,2011,11/6/2011,4,NA,NA,785.625,3,2,2,2,3.428571429
9170,2010,9/26/2010,3,-0.720921477,1,741.5,1,1,1,1.5,5
9170,2010,10/19/2010,3,0.520857144,1,741.5,2,1,1,2.25,4.25
9170,2010,12/2/2010,3,1.141746454,1,741.5,3,1,1,4.625,5.75
9170,2011,9/14/2011,5,NA,1,751.875,1,2,2,0,3.5
9170,2011,10/7/2011,5,NA,1,751.875,2,2,2,0,1.75
9170,2011,10/29/2011,3,NA,1,751.875,3,2,2,0.166666667,1.333333333
9170,2011,11/20/2011,5,NA,1,751.875,4,2,2,0.125,1
9268,2010,10/21/2010,11,-0.100032167,1,882.5,1,1,1,0,1
9268,2010,11/22/2010,11,1.141746454,1,882.5,2,1,1,0,0.8
9268,2010,12/3/2010,3,-1.341810787,1,882.5,3,1,1,0,0.833333333
9268,2011,9/20/2011,4,NA,1,877.5,1,2,2,1.333333333,2
9268,2011,10/1/2011,11,NA,1,877.5,2,2,2,1.25,1.75
9268,2011,10/24/2011,11,NA,1,877.5,3,2,2,1.666666667,2
9268,2011,11/16/2011,2,NA,1,877.5,4,2,2,1.375,1.625
9268,2015,9/29/2015,5,0.210308641,1,832.8,1,3,6,0,1
9268,2015,10/14/2015,5,-0.195732794,1,832.8,2,3,6,0,1.333333333
9268,2015,10/28/2015,11,-1.007815665,1,832.8,3,3,6,0,1.25
9268,2016,11/24/2016,11,-1.045047082,1,817,1,4,7,0,2.5
9268,2017,12/5/2017,2,0.927111843,1,881,1,5,8,3,4
9291,2010,9/15/2010,11,-0.720921477,1,700.4166667,1,1,1,1.333333333,1.333333333
9291,2010,10/7/2010,11,-0.720921477,1,700.4166667,2,1,1,4,4
9291,2010,10/30/2010,11,-0.720921477,1,700.4166667,3,1,1,5.428571429,5.428571429
9291,2011,9/11/2011,11,NA,1,719.4444444,1,2,2,0.333333333,1.333333333
9291,2011,10/3/2011,11,NA,1,719.4444444,2,2,2,0.2,0.8
9291,2011,10/26/2011,11,NA,1,719.4444444,3,2,2,0.142857143,0.714285714
9291,2011,11/15/2011,11,NA,1,719.4444444,4,2,2,0.333333333,0.888888889
9291,2014,10/16/2014,11,0.067909275,1,631,1,3,5,0,1
9291,2014,11/12/2014,11,-0.893268152,1,631,2,3,5,0,1
9291,2017,9/20/2017,11,1.463141109,1,597,1,4,8,0,1
9291,2017,10/3/2017,11,1.463141109,1,597,2,4,8,0,0.5
9291,2017,11/29/2017,11,1.463141109,1,597,3,4,8,0.166666667,0.666666667
9310,2010,9/15/2010,11,-1.962700097,1,782.9166667,1,1,1,105,105
9310,2010,10/7/2010,11,0.520857144,1,782.9166667,2,1,1,123,123
9310,2010,10/30/2010,11,1.141746454,1,782.9166667,3,1,1,126.1428571,126.1428571
9310,2011,9/12/2011,2,NA,1,778.8888889,1,2,2,0,1
9310,2011,10/3/2011,11,NA,1,778.8888889,2,2,2,0.6,1.2
9310,2011,10/26/2011,11,NA,1,778.8888889,3,2,2,0.857142857,1.285714286
9310,2011,11/5/2011,8,NA,1,778.8888889,4,2,2,0.875,1.375
9319,2010,9/14/2010,3,-0.720921477,0,820.4166667,1,1,1,0,0.666666667
9319,2010,10/17/2010,3,-0.720921477,0,820.4166667,2,1,1,0,0.333333333
9319,2010,11/7/2010,3,-0.100032167,0,820.4166667,3,1,1,0,0.5
9319,2011,9/26/2011,3,NA,0,867.5,1,2,2,0.333333333,0.333333333
9319,2011,10/13/2011,2,NA,0,867.5,2,2,2,0.2,0.6
9319,2011,11/3/2011,2,NA,0,867.5,3,2,2,0.285714286,1
9331,2015,10/1/2015,3,1.022391511,1,765,1,1,1,2.5,8.5
9331,2015,10/16/2015,5,1.022391511,1,765,2,1,1,3,8.666666667
9331,2015,10/30/2015,5,-1.819898535,1,765,3,1,1,3.25,8.25
9362,2011,10/12/2011,5,NA,0,663,1,1,1,0,0.5
9362,2011,11/19/2011,8,NA,0,663,2,1,1,0.2,0.4
9362,2015,10/8/2015,5,0.210308641,0,637.8,1,2,5,0,1.5
9362,2015,10/22/2015,5,0.616350076,0,637.8,2,2,5,0,1.666666667
9362,2015,11/6/2015,5,0.210308641,0,637.8,3,2,5,0,1.5
9363,2010,9/16/2010,5,-0.720921477,0,758.75,1,1,1,0,1.666666667
9363,2010,9/28/2010,5,-0.100032167,0,758.75,2,1,1,0,1.25
9363,2010,12/3/2010,3,-1.341810787,0,758.75,3,1,1,0.5,1.1
9363,2011,9/14/2011,3,NA,0,766.875,1,2,2,0,2
9363,2011,10/7/2011,5,NA,0,766.875,2,2,2,0,1.25
9363,2011,11/20/2011,5,NA,0,766.875,4,2,2,0.5,1.625
9363,2015,9/30/2015,5,0.616350076,0,663.75,1,3,6,1,3
9363,2015,10/15/2015,5,0.616350076,0,663.75,2,3,6,0.666666667,3.333333333
9363,2015,10/29/2015,5,0.616350076,0,663.75,3,3,6,0.75,3.5
9363,2017,9/19/2017,2,0.927111843,0,699.5,1,4,8,0,1
9363,2017,10/2/2017,5,-0.680975956,0,699.5,2,4,8,46.5,47.5
9363,2017,11/28/2017,5,-0.144946689,0,699.5,3,4,8,51.16666667,52
9366,2016,9/23/2016,5,0.093968811,0,750.3333333,1,1,1,2,4
9366,2016,10/2/2016,5,-1.045047082,0,750.3333333,2,1,1,1,3
9366,2016,11/14/2016,5,-0.475539135,0,750.3333333,3,1,1,7.6,9.2
9367,2014,10/15/2014,5,0.067909275,1,780,1,1,1,1,2.5
9367,2014,11/11/2014,5,1.029086702,1,780,2,1,1,0.75,2.25
9367,2015,9/29/2015,5,1.022391511,1,803.2,1,2,2,0,1.5
9367,2015,10/14/2015,5,1.022391511,1,803.2,2,2,2,0,2.333333333
9367,2015,10/28/2015,5,1.022391511,1,803.2,3,2,2,0,2
9367,2016,9/22/2016,5,-0.475539135,1,778.5,1,3,3,4,7
9367,2016,10/5/2016,5,0.663476758,1,778.5,2,3,3,9,12.5
9367,2016,11/15/2016,5,0.663476758,1,778.5,3,3,3,28.2,31.4
9367,2017,9/21/2017,5,-1.217005222,1,775.1666667,1,4,4,0,3
9367,2017,10/4/2017,5,-0.680975956,1,775.1666667,2,4,4,0.5,5
9367,2017,11/30/2017,8,-0.144946689,1,775.1666667,3,4,4,0.833333333,3.5
9369,2011,9/20/2011,3,NA,1,720,1,1,1,0,0
9369,2011,10/12/2011,5,NA,1,720,2,1,1,0,0
9369,2011,11/4/2011,5,NA,1,720,3,1,1,0,0
9370,2015,10/20/2015,9,0.210308641,1,740.6666667,1,1,1,0,4
9370,2015,11/3/2015,5,-1.4138571,1,740.6666667,2,1,1,3,7
9370,2016,10/1/2016,4,0.093968811,1,668.6666667,1,2,2,3,3
9370,2016,10/9/2016,5,-1.614555029,1,668.6666667,2,2,2,3.5,4
9370,2016,11/22/2016,5,-1.614555029,1,668.6666667,3,2,2,2.4,3
9370,2017,9/25/2017,5,0.927111843,1,712.6,1,3,3,0,4
9370,2017,10/9/2017,5,-0.144946689,1,712.6,2,3,3,2,4.5
9370,2017,12/5/2017,5,-0.680975956,1,712.6,3,3,3,0.666666667,3.166666667
9372,2010,8/28/2010,5,-0.100032167,1,727.0833333,1,1,1,0,9
9372,2010,9/14/2010,5,-0.100032167,1,727.0833333,2,1,1,0,6
9372,2010,10/9/2010,4,1.141746454,1,727.0833333,3,1,1,1.2,5
9372,2011,9/22/2011,5,NA,1,745,1,2,2,15.5,17
9372,2011,10/16/2011,2,NA,1,745,2,2,2,13.75,14.5
9372,2011,11/18/2011,5,NA,1,745,3,2,2,11.14285714,11.57142857
9372,2014,10/15/2014,3,1.990264129,1,740,1,3,5,6,10
9372,2014,11/11/2014,3,1.990264129,1,740,2,3,5,5.666666667,10.33333333
9372,2016,9/23/2016,5,0.093968811,1,748,1,4,7,4,8
9372,2016,10/2/2016,10,0.663476758,1,748,2,4,7,7.5,11.5
9372,2016,11/14/2016,5,1.802492651,1,748,3,4,7,5.8,9.2
9372,2017,9/22/2017,3,1.463141109,1,753.8,1,5,8,0,5
9372,2017,10/5/2017,8,1.463141109,1,753.8,2,5,8,1.5,7
9372,2017,12/4/2017,5,1.463141109,1,753.8,3,5,8,1.166666667,5.5
9390,2010,9/17/2010,11,-0.720921477,1,846.25,1,1,1,41.33333333,42
9390,2010,10/10/2010,8,0.520857144,1,846.25,2,1,1,70,70.6
9390,2010,11/1/2010,5,-0.720921477,1,846.25,3,1,1,60.28571429,60.71428571
9390,2011,9/13/2011,11,NA,1,829.4444444,1,2,2,17.66666667,24.66666667
9390,2011,10/6/2011,8,NA,1,829.4444444,2,2,2,16,20.4
9390,2011,10/28/2011,8,NA,1,829.4444444,3,2,2,17.14285714,20.85714286
9390,2011,11/18/2011,8,NA,1,829.4444444,4,2,2,14.66666667,17.88888889
9390,2014,11/12/2014,11,-0.893268152,1,815,1,3,5,19,25
9390,2014,11/25/2014,5,-0.893268152,1,815,2,3,5,19,25
9390,2016,9/22/2016,5,0.093968811,1,783.5,1,4,7,14,14
9390,2016,10/7/2016,5,0.663476758,1,783.5,2,4,7,22.5,23
9390,2016,11/17/2016,5,-1.045047082,1,783.5,3,4,7,18.2,19.2
9390,2017,9/19/2017,2,-0.144946689,1,822.6666667,1,5,8,12,16
9390,2017,10/2/2017,5,-1.217005222,1,822.6666667,2,5,8,16.5,21
9390,2017,11/28/2017,5,-0.680975956,1,822.6666667,3,5,8,12.16666667,14.5
9519,2015,9/29/2015,5,-0.60177423,0,835.4,1,1,1,0,3.5
9519,2015,10/14/2015,9,1.022391511,0,835.4,2,1,1,0,3
9519,2015,10/28/2015,1,1.022391511,0,835.4,3,1,1,0.25,3
9532,2010,9/14/2010,9,-0.720921477,0,726.6666667,1,1,1,0,0.666666667
9532,2010,10/9/2010,5,-0.100032167,0,726.6666667,2,1,1,0,0.4
9532,2010,10/29/2010,9,0.520857144,0,726.6666667,3,1,1,0,0.285714286
9532,2011,9/22/2011,3,NA,0,768.8888889,1,2,2,49.75,50.5
9532,2011,10/16/2011,3,NA,0,768.8888889,2,2,2,36.83333333,37.5
9532,2011,11/5/2011,2,NA,0,768.8888889,3,2,2,29.25,30
9532,2014,10/15/2014,11,-0.893268152,0,683,1,3,5,1,6
9532,2014,11/11/2014,3,-0.893268152,0,683,2,3,5,1,5.333333333
9532,2017,9/20/2017,2,0.391082577,0,754,1,4,8,0,1
9532,2017,10/3/2017,5,-1.753034488,0,754,2,4,8,0,1
9532,2017,11/29/2017,2,-1.217005222,0,754,3,4,8,0,0.666666667
9963,2014,10/16/2014,5,1.029086702,NA,699.1666667,1,1,1,1.5,2
9963,2014,11/12/2014,5,-0.893268152,NA,699.1666667,2,1,1,2.25,4.5
10029,2014,10/14/2014,8,1.990264129,0,684.1666667,1,1,1,3,8
10029,2014,11/11/2014,11,1.990264129,0,684.1666667,2,1,1,3,7
10029,2015,9/28/2015,2,1.022391511,0,668,1,2,2,5.5,9.5
10029,2015,10/13/2015,5,1.022391511,0,668,2,2,2,5,7.666666667
10029,2015,10/27/2015,5,1.022391511,0,668,3,2,2,4.75,6.75
10029,2016,9/22/2016,11,0.093968811,0,715.3333333,1,3,3,19,22
10029,2016,10/7/2016,5,0.093968811,0,715.3333333,2,3,3,54.5,57.5
10029,2016,11/17/2016,5,0.663476758,0,715.3333333,3,3,3,42.8,45.4
10029,2017,9/28/2017,5,1.463141109,0,578.6,1,4,4,26,28
10029,2017,10/10/2017,5,-0.144946689,0,578.6,2,4,4,35,38
10029,2017,12/6/2017,7,1.463141109,0,578.6,3,4,4,41.33333333,43.66666667
10039,2010,10/5/2010,4,1.762635764,0,677.7272727,1,1,1,9.4,9.8
10039,2010,10/27/2010,10,1.141746454,0,677.7272727,2,1,1,9.428571429,9.714285714
10039,2010,11/19/2010,8,1.141746454,0,677.7272727,3,1,1,8.777777778,9.222222222
10039,2011,9/15/2011,8,NA,0,782.5,1,2,2,1.5,5
10039,2011,10/14/2011,5,NA,0,782.5,2,2,2,1.8,3.2
10039,2011,11/20/2011,5,NA,0,782.5,3,2,2,2.25,3.5
10167,2014,10/15/2014,10,0.067909275,0,546,1,1,1,0,0.5
10167,2014,11/20/2014,10,0.067909275,0,546,2,1,1,0,0.25
10167,2015,10/8/2015,9,0.210308641,0,565,1,2,2,0.5,3
10424,2010,11/7/2010,10,0.520857144,1,658.3333333,1,1,1,0,1.5
10424,2010,11/20/2010,8,1.141746454,1,658.3333333,2,1,1,0,1
10424,2010,11/30/2010,8,1.141746454,1,658.3333333,3,1,1,0,0.75
10424,2011,10/13/2011,5,NA,1,704,1,2,2,0,0
10424,2011,11/3/2011,8,NA,1,704,2,2,2,0,0
10424,2014,11/12/2014,11,0.067909275,1,627.5,1,3,5,0,1
10424,2014,11/25/2014,11,0.067909275,1,627.5,2,3,5,0,1
10424,2017,12/8/2017,2,-0.144946689,1,653.5,1,4,8,0,1
10509,2010,9/24/2010,5,-0.720921477,0,715,1,1,1,0,1
10509,2010,10/16/2010,3,-0.720921477,0,715,2,1,1,0.5,1.166666667
10509,2010,11/8/2010,3,-0.100032167,0,715,3,1,1,1.375,2
10657,2015,9/28/2015,9,-0.60177423,1,689,1,1,1,4,6.5
10657,2015,10/13/2015,5,1.022391511,1,689,2,1,1,4.666666667,6.666666667
10657,2015,10/28/2015,5,1.022391511,1,689,3,1,1,4.5,6.25
10658,2014,10/16/2014,5,1.990264129,1,711.6666667,1,1,1,0.5,1
10658,2014,11/12/2014,3,1.990264129,1,711.6666667,2,1,1,0.75,2.25
10658,2016,10/1/2016,5,1.232984704,1,677.1666667,1,2,3,0,1
10658,2016,10/9/2016,3,1.802492651,1,677.1666667,2,2,3,0,1
10658,2016,11/22/2016,3,1.802492651,1,677.1666667,3,2,3,0,0.8
10658,2017,9/20/2017,5,1.463141109,1,686.3333333,1,3,4,0,2
10658,2017,10/3/2017,3,1.463141109,1,686.3333333,2,3,4,21,23
10658,2017,11/29/2017,10,1.463141109,1,686.3333333,3,3,4,15.16666667,16.66666667
10827,2010,9/14/2010,5,0.520857144,1,726.3333333,1,1,1,0,4
10827,2010,10/18/2010,8,-0.100032167,1,726.3333333,2,1,1,1.833333333,4
10827,2010,11/11/2010,3,1.762635764,1,726.3333333,3,1,1,2.25,4.25
10827,2011,9/12/2011,3,NA,1,700.5555556,1,2,2,5.333333333,10.66666667
10827,2011,10/15/2011,5,NA,1,700.5555556,2,2,2,3.5,6.666666667
10827,2011,11/15/2011,8,NA,1,700.5555556,3,2,2,2.555555556,5.222222222
11130,2010,9/24/2010,10,-0.100032167,1,686.6666667,1,1,1,0.5,1.75
11130,2010,10/27/2010,10,0.520857144,1,686.6666667,2,1,1,1.571428571,2.428571429
11130,2010,11/19/2010,10,1.141746454,1,686.6666667,3,1,1,2.888888889,3.555555556
11130,2011,9/15/2011,8,NA,1,644.375,1,2,2,0.5,3.5
11130,2011,10/14/2011,8,NA,1,644.375,2,2,2,1,2.2
11130,2011,11/20/2011,8,NA,1,644.375,3,2,2,0.75,1.625
11157,2010,8/30/2010,5,-0.100032167,1,732.9166667,1,1,1,0,4
11157,2010,9/15/2010,11,1.141746454,1,732.9166667,2,1,1,0,2.666666667
11157,2010,10/7/2010,8,1.141746454,1,732.9166667,3,1,1,0.2,1.8
11157,2011,9/22/2011,8,NA,1,732.7777778,1,2,2,0,2.25
11157,2011,10/3/2011,8,NA,1,732.7777778,2,2,2,0,1.8
11157,2011,10/26/2011,2,NA,1,732.7777778,3,2,2,0.142857143,1.428571429
11157,2011,11/18/2011,5,NA,1,732.7777778,4,2,2,0.777777778,1.777777778
11194,2010,9/24/2010,3,-0.100032167,0,810,1,1,1,0,0
11194,2010,11/9/2010,1,-0.100032167,0,810,2,1,1,4.5,4.666666667
11194,2010,11/29/2010,3,1.141746454,0,810,3,1,1,3.5,3.625
11194,2011,10/2/2011,5,NA,0,740,1,2,2,2.5,4.5
11194,2011,10/25/2011,5,NA,0,740,2,2,2,8.333333333,10.33333333
11194,2011,11/17/2011,2,NA,0,740,3,2,2,7.375,9.375
11194,2014,10/15/2014,1,1.029086702,0,699.1666667,1,3,5,1.5,5.5
11194,2014,11/11/2014,3,-0.893268152,0,699.1666667,2,3,5,0.75,3.75
11194,2016,9/27/2016,2,0.093968811,0,750.5,1,4,7,1,2
11194,2016,10/6/2016,2,-1.045047082,0,750.5,2,4,7,1,3
11194,2016,11/16/2016,3,0.093968811,0,750.5,3,4,7,4,5.8
11194,2017,9/20/2017,1,-0.144946689,0,688,1,5,8,0,3
11194,2017,10/3/2017,3,-0.144946689,0,688,2,5,8,93,95.5
11194,2017,11/29/2017,4,-0.144946689,0,688,3,5,8,203.1666667,205.1666667
11197,2015,9/28/2015,3,-0.195732794,0,792.8,1,1,1,0,3
11197,2015,10/13/2015,9,0.616350076,0,792.8,2,1,1,1,3.333333333
11197,2015,10/27/2015,5,-1.4138571,0,792.8,3,1,1,1.5,3.5
11505,2010,9/30/2010,11,-0.720921477,1,831.8181818,1,1,1,0,2
11505,2010,10/11/2010,7,1.141746454,1,831.8181818,2,1,1,0.25,1.75
11505,2010,11/10/2010,9,1.762635764,1,831.8181818,3,1,1,0.571428571,1.428571429
11505,2011,9/22/2011,5,NA,1,821.875,1,2,2,2.666666667,3
11505,2011,10/15/2011,11,NA,1,821.875,2,2,2,1.6,1.8
11505,2011,11/5/2011,11,NA,1,821.875,3,2,2,1.142857143,1.571428571
11533,2010,9/13/2010,11,-0.720921477,0,731.6666667,1,1,1,0,1.333333333
11533,2010,10/17/2010,10,-0.100032167,0,731.6666667,2,1,1,0,0.833333333
11533,2010,11/7/2010,5,-0.720921477,0,731.6666667,3,1,1,0.125,0.75
11849,2015,9/29/2015,2,0.616350076,0,933.6,1,1,1,0,0
11849,2015,10/14/2015,1,0.616350076,0,933.6,2,1,1,0,0
11849,2015,10/28/2015,5,0.616350076,0,933.6,3,1,1,0,0.25
11849,2016,9/28/2016,5,0.093968811,0,870.5714286,1,2,2,0,1
11849,2016,10/8/2016,5,0.093968811,0,870.5714286,2,2,2,0,1.333333333
11849,2016,11/22/2016,5,-1.045047082,0,870.5714286,3,2,2,0.166666667,1.5
11849,2017,9/19/2017,5,-0.144946689,0,804.6666667,1,3,3,0,3
11849,2017,10/2/2017,5,-0.144946689,0,804.6666667,2,3,3,0,3
11849,2017,11/28/2017,5,-0.144946689,0,804.6666667,3,3,3,0.5,3.166666667
11885,2010,9/13/2010,3,0.520857144,1,855.8333333,1,1,1,1.333333333,5.666666667
11885,2010,10/28/2010,5,-0.100032167,1,855.8333333,2,1,1,2.428571429,4.285714286
11885,2010,11/19/2010,1,1.141746454,1,855.8333333,3,1,1,2.111111111,3.555555556
11885,2011,9/12/2011,2,NA,1,822.2222222,1,2,2,1,2.666666667
11885,2011,10/4/2011,8,NA,1,822.2222222,2,2,2,1.8,3.6
11885,2011,11/6/2011,2,NA,1,822.2222222,3,2,2,3,4.25
11885,2014,10/15/2014,3,-0.893268152,1,807,1,3,5,15,19
11885,2014,11/11/2014,11,-0.893268152,1,807,2,3,5,10.33333333,14.33333333
11885,2015,9/30/2015,5,-2.631981405,1,833.4,1,4,6,4,7.5
11885,2015,10/15/2015,5,-0.195732794,1,833.4,2,4,6,4.666666667,8
11885,2015,10/29/2015,11,-1.4138571,1,833.4,3,4,6,5.5,8.25
11885,2016,9/22/2016,5,0.093968811,1,793.3333333,1,5,7,6,10
11885,2016,10/5/2016,2,-1.045047082,1,793.3333333,2,5,7,23,27
11885,2016,11/15/2016,2,0.093968811,1,793.3333333,3,5,7,21,24.2
11885,2017,9/22/2017,2,-0.680975956,1,787,1,6,8,9,13
11885,2017,10/5/2017,2,-0.144946689,1,787,2,6,8,14,18
11885,2017,12/4/2017,11,-0.144946689,1,787,3,6,8,8.5,10.66666667
11902,2010,9/26/2010,5,-0.720921477,0,940.4545455,1,1,1,0.666666667,10.66666667
11902,2010,10/19/2010,8,0.520857144,0,940.4545455,2,1,1,1.2,7.6
11902,2010,12/2/2010,11,-0.100032167,0,940.4545455,3,1,1,1.444444444,5.111111111
11902,2011,9/14/2011,8,NA,0,943.75,1,2,2,0,2.5
11902,2011,10/7/2011,5,NA,0,943.75,2,2,2,0,2.5
11902,2011,10/29/2011,5,NA,0,943.75,3,2,2,0,2.333333333
11902,2011,11/19/2011,2,NA,0,943.75,4,2,2,0.125,2.25
11902,2015,10/5/2015,3,1.022391511,0,875,1,3,6,0.5,3.5
11902,2015,10/20/2015,5,0.210308641,0,875,2,3,6,0.333333333,2.666666667
11902,2015,11/3/2015,5,-1.4138571,0,875,3,3,6,0.5,3
11902,2016,10/1/2016,5,0.093968811,0,840.25,1,4,7,0,3
11902,2016,10/14/2016,5,-1.045047082,0,840.25,2,4,7,0.25,3.75
11902,2016,11/22/2016,4,-1.614555029,0,840.25,3,4,7,0.714285714,4.285714286
12030,2010,10/5/2010,3,-1.341810787,0,652.9166667,1,1,1,68.4,68.4
12030,2010,10/27/2010,3,1.141746454,0,652.9166667,2,1,1,60.28571429,60.28571429
12030,2010,11/29/2010,3,1.141746454,0,652.9166667,3,1,1,45.8,45.8
12030,2011,9/23/2011,2,NA,0,650,1,2,2,1,3.666666667
12030,2011,10/14/2011,3,NA,0,650,2,2,2,1.2,4
12030,2011,11/14/2011,5,NA,0,650,3,2,2,1.5,3.625
12138,2010,9/13/2010,5,-0.720921477,0,782.5,1,1,1,0,1.333333333
12138,2010,10/28/2010,5,-0.100032167,0,782.5,2,1,1,0,0.571428571
12138,2010,11/19/2010,3,-1.341810787,0,782.5,3,1,1,0,0.555555556
12138,2011,9/12/2011,5,NA,0,786.6666667,1,2,2,0.333333333,4
12138,2011,10/4/2011,5,NA,0,786.6666667,2,2,2,0.4,3.4
12138,2011,11/6/2011,5,NA,0,786.6666667,3,2,2,0.5,2.875
12138,2014,10/15/2014,11,0.067909275,0,800,1,3,5,12,17
12138,2014,11/11/2014,10,-0.893268152,0,800,2,3,5,7,11
12138,2015,9/25/2015,5,-0.195732794,0,831.6,1,4,6,4,10
12138,2015,10/5/2015,3,-0.195732794,0,831.6,2,4,6,4.5,9.5
12138,2015,10/20/2015,5,-0.195732794,0,831.6,3,4,6,5,10.66666667
12138,2017,9/19/2017,5,-0.144946689,0,764.3333333,1,5,8,0,4
12138,2017,10/2/2017,5,0.391082577,0,764.3333333,2,5,8,34,38
12138,2017,11/28/2017,5,-1.217005222,0,764.3333333,3,5,8,40,41.83333333
12268,2015,10/6/2015,5,0.210308641,0,683.2,1,1,1,0,1.5
12268,2015,10/21/2015,9,0.210308641,0,683.2,2,1,1,0,2
12268,2015,11/4/2015,3,0.616350076,0,683.2,3,1,1,0,2
12434,2010,9/16/2010,5,-0.100032167,1,753.3333333,1,1,1,0,1
12434,2010,9/28/2010,4,1.141746454,1,753.3333333,2,1,1,0,0.75
12434,2010,11/11/2010,3,-1.341810787,1,753.3333333,3,1,1,0.375,1.25
12434,2011,9/14/2011,2,NA,1,769.1666667,1,2,2,3.5,6.5
12434,2011,10/7/2011,5,NA,1,769.1666667,2,2,2,3.5,6.5
12434,2011,10/29/2011,5,NA,1,769.1666667,3,2,2,2.75,4.5
12434,2011,11/20/2011,5,NA,1,769.1666667,4,2,2,3,4.166666667
12434,2014,10/16/2014,3,-1.854445579,1,757.5,1,3,5,4.5,9
12434,2014,11/12/2014,5,-0.893268152,1,757.5,2,3,5,6.25,9
12434,2015,9/30/2015,5,1.022391511,1,702,1,4,6,0,1
12434,2015,10/15/2015,5,0.616350076,1,702,2,4,6,0,1
12434,2015,10/29/2015,5,1.022391511,1,702,3,4,6,0,1
12434,2016,9/23/2016,5,-0.475539135,1,744.3333333,1,5,7,0,0
12434,2016,10/2/2016,10,1.802492651,1,744.3333333,2,5,7,32.5,32.5
12434,2016,11/14/2016,5,1.802492651,1,744.3333333,3,5,7,46,46
12434,2017,9/28/2017,3,1.463141109,1,738.2,1,6,8,6,8
12434,2017,10/10/2017,5,1.463141109,1,738.2,2,6,8,4,6
12434,2017,12/6/2017,5,1.463141109,1,738.2,3,6,8,3.5,4.666666667
12723,2015,9/29/2015,5,1.022391511,1,670,1,1,1,1,7.5
12723,2015,10/14/2015,5,1.022391511,1,670,2,1,1,0.666666667,7.333333333
12723,2017,9/26/2017,11,1.463141109,1,679.4,1,2,3,0,0
12723,2017,10/10/2017,2,-1.217005222,1,679.4,2,2,3,0,0
12723,2017,12/6/2017,11,-1.753034488,1,679.4,3,2,3,0,0
12730,2010,9/26/2010,4,-1.341810787,0,624.1666667,1,1,1,10.25,10.5
12730,2010,10/9/2010,2,-1.341810787,0,624.1666667,2,1,1,9,9.2
12730,2010,10/31/2010,2,0.520857144,0,624.1666667,3,1,1,10.14285714,10.28571429
12730,2011,9/20/2011,2,NA,0,720.8333333,1,2,2,0,1
12730,2011,10/12/2011,5,NA,0,720.8333333,2,2,2,0,0.666666667
12730,2011,11/15/2011,4,NA,0,720.8333333,3,2,2,0,1.333333333
12772,2015,10/5/2015,5,0.616350076,0,655,1,1,1,0,0
12772,2015,10/16/2015,5,-0.60177423,0,655,2,1,1,0,0
12772,2015,10/30/2015,9,0.616350076,0,655,3,1,1,0,0
12833,2016,11/21/2016,5,-1.045047082,1,674.5,1,1,1,0,0
12847,2010,9/18/2010,8,0.520857144,0,707.2727273,1,1,1,0,4.5
12847,2010,9/25/2010,5,0.520857144,0,707.2727273,2,1,1,0,4.333333333
12847,2010,11/11/2010,3,1.141746454,0,707.2727273,3,1,1,0.714285714,2.857142857
12847,2011,9/12/2011,3,NA,0,727.5,1,2,2,4.666666667,8
12847,2011,10/15/2011,5,NA,0,727.5,2,2,2,2.666666667,5.166666667
12847,2011,11/15/2011,8,NA,0,727.5,3,2,2,2.75,5
12847,2014,10/16/2014,5,1.029086702,0,769,1,3,5,0,5
12847,2014,11/12/2014,8,1.990264129,0,769,2,3,5,0,4.666666667
12847,2015,10/1/2015,5,1.022391511,0,781.6,1,4,6,0,2.5
12847,2015,10/16/2015,5,1.022391511,0,781.6,2,4,6,0.333333333,3
12847,2015,10/30/2015,5,1.022391511,0,781.6,3,4,6,0.25,3.5
12847,2016,9/23/2016,5,0.093968811,0,752.8333333,1,5,7,0,3
12847,2016,10/8/2016,5,-1.045047082,0,752.8333333,2,5,7,9.5,12.5
12847,2016,11/21/2016,3,1.802492651,0,752.8333333,3,5,7,13.4,15.4
12847,2017,9/22/2017,5,-0.144946689,0,743.4,1,6,8,0,2
12847,2017,10/5/2017,7,0.391082577,0,743.4,2,6,8,0.5,1.5
12847,2017,12/5/2017,2,0.927111843,0,743.4,3,6,8,0.333333333,2.166666667
12879,2015,10/5/2015,5,0.616350076,1,559.25,1,1,1,0,0
12879,2015,10/20/2015,5,0.616350076,1,559.25,2,1,1,0,0
12879,2015,11/3/2015,5,1.022391511,1,559.25,3,1,1,0,0
12879,2017,9/28/2017,5,-0.144946689,1,525.25,1,2,3,0,2
12879,2017,10/10/2017,5,-0.144946689,1,525.25,2,2,3,0,2
12879,2017,12/8/2017,5,-0.144946689,1,525.25,3,2,3,0.333333333,2.333333333
12893,2010,9/15/2010,5,-0.720921477,0,690,1,1,1,0,3.333333333
12893,2010,10/7/2010,3,-0.720921477,0,690,2,1,1,0,2
12893,2010,10/30/2010,5,-0.100032167,0,690,3,1,1,0.428571429,1.857142857
12893,2011,9/11/2011,5,NA,0,728.3333333,1,2,2,0.333333333,3.666666667
12893,2011,10/3/2011,5,NA,0,728.3333333,2,2,2,0.2,2.8
12893,2011,10/26/2011,2,NA,0,728.3333333,3,2,2,0.142857143,2.428571429
12893,2011,11/5/2011,5,NA,0,728.3333333,4,2,2,0.125,2.375
12893,2014,10/16/2014,8,-0.893268152,0,696.6666667,1,3,5,1.5,7.5
12893,2014,11/12/2014,2,-0.893268152,0,696.6666667,2,3,5,1.5,7
12893,2015,10/21/2015,2,-1.819898535,0,756,1,4,6,0,5
12893,2015,11/3/2015,5,-0.60177423,0,756,2,4,6,0,3.5
12893,2016,9/26/2016,3,-1.045047082,0,747.8333333,1,5,7,0,2
12893,2016,10/5/2016,5,0.093968811,0,747.8333333,2,5,7,0,2
12893,2016,11/15/2016,5,0.093968811,0,747.8333333,3,5,7,0.6,3.2
12893,2017,9/21/2017,3,-0.144946689,0,753.5,1,6,8,0,3
12893,2017,10/4/2017,5,-0.144946689,0,753.5,2,6,8,3,4.5
12893,2017,11/30/2017,4,-0.144946689,0,753.5,3,6,8,4.333333333,4.833333333
13532,2016,9/26/2016,7,-1.614555029,0,799,1,1,1,0,4
13532,2016,10/8/2016,5,1.232984704,0,799,2,1,1,1,4
13532,2016,11/21/2016,5,-1.614555029,0,799,3,1,1,0.4,4.8
13535,2010,9/27/2010,5,1.141746454,0,853.3333333,1,1,1,15.5,17.5
13535,2010,10/20/2010,3,1.141746454,0,853.3333333,2,1,1,22.83333333,24.16666667
13535,2010,11/22/2010,7,1.141746454,0,853.3333333,3,1,1,26.77777778,27.66666667
13535,2011,9/24/2011,5,NA,0,865,1,2,2,6.5,11
13535,2011,10/18/2011,5,NA,0,865,2,2,2,11.75,16
13535,2011,11/9/2011,5,NA,0,865,3,2,2,10.16666667,13.66666667
13835,2014,11/13/2014,5,-0.893268152,0,740.8333333,1,1,1,2.5,7
13835,2014,11/25/2014,5,1.990264129,0,740.8333333,2,1,1,2,6.2
14111,2015,10/22/2015,11,0.616350076,1,837.5,1,1,1,0,2
14138,2016,9/23/2016,5,-1.045047082,0,783.3333333,1,1,1,1,5
14138,2016,10/6/2016,3,0.663476758,0,783.3333333,2,1,1,2,6.5
14138,2016,11/16/2016,5,-0.475539135,0,783.3333333,3,1,1,2.4,7
15338,2011,10/1/2011,11,NA,1,743.75,1,1,1,0.25,0.75
15338,2011,10/24/2011,11,NA,1,743.75,2,1,1,0.166666667,0.5
17028,2015,9/28/2015,5,0.616350076,0,659,1,1,1,0,5.5
17028,2015,10/13/2015,5,0.616350076,0,659,2,1,1,0.333333333,5
17028,2015,10/27/2015,5,0.616350076,0,659,3,1,1,0.5,4.5
19200,2010,10/8/2010,3,-0.100032167,1,658.8888889,1,1,1,5.5,7.5
19200,2010,10/18/2010,3,-0.720921477,1,658.8888889,2,1,1,8,9.333333333
19200,2010,11/8/2010,11,-0.100032167,1,658.8888889,3,1,1,7.8,8.6
19200,2011,9/21/2011,11,NA,1,603.8888889,1,2,2,0,1.25
19200,2011,10/4/2011,11,NA,1,603.8888889,2,2,2,0,1.2
19200,2011,11/6/2011,11,NA,1,603.8888889,3,2,2,0,1.125
19200,2015,10/7/2015,5,-1.4138571,1,613.75,1,3,6,0,4.5
19200,2015,10/22/2015,5,-0.195732794,1,613.75,2,3,6,0.333333333,5
19200,2015,11/6/2015,5,0.616350076,1,613.75,3,3,6,0.25,5.5
19200,2016,9/27/2016,11,-0.475539135,1,613.6666667,1,4,7,0,2
19200,2016,10/6/2016,11,0.093968811,1,613.6666667,2,4,7,0,2
19200,2016,11/16/2016,2,0.093968811,1,613.6666667,3,4,7,1.4,3.4
19200,2017,12/8/2017,2,-0.144946689,1,584.6666667,1,5,8,1,1
19309,2010,9/27/2010,2,1.141746454,1,682.5,1,1,1,0,0.25
19309,2010,10/20/2010,5,1.141746454,1,682.5,2,1,1,0.166666667,0.333333333
19309,2010,11/22/2010,11,1.141746454,1,682.5,3,1,1,0.333333333,0.444444444
20380,2014,10/16/2014,8,1.990264129,NA,749.1666667,1,1,1,2.5,2.5
20380,2014,11/13/2014,11,-1.854445579,NA,749.1666667,2,1,1,2.25,2.25
20480,2015,10/8/2015,9,1.022391511,1,779,1,1,1,0,0.5
20480,2015,10/22/2015,9,1.022391511,1,779,2,1,1,0,1
20480,2015,11/6/2015,5,0.210308641,1,779,3,1,1,0,1.25
31505,2016,9/27/2016,2,0.663476758,1,795.1666667,1,1,1,0,1
31505,2016,10/6/2016,2,1.802492651,1,795.1666667,2,1,1,0,1
31505,2016,11/16/2016,2,0.093968811,1,795.1666667,3,1,1,0.2,1
31505,2017,9/20/2017,2,-1.217005222,1,670.6666667,1,2,2,0,1
31505,2017,10/3/2017,1,-0.144946689,1,670.6666667,2,2,2,0,1
31505,2017,11/29/2017,1,0.927111843,1,670.6666667,3,2,2,0,0.5
31849,2010,9/25/2010,5,-0.720921477,0,753.5,1,1,1,0,1
31849,2010,10/22/2010,5,-0.720921477,0,753.5,2,1,1,0.6,1.2
31849,2010,11/18/2010,5,-0.720921477,0,753.5,3,1,1,1.125,1.5
31849,2011,9/26/2011,5,NA,0,898.5714286,1,2,2,0,0.5
31849,2011,10/23/2011,5,NA,0,898.5714286,2,2,2,0,0.6
31849,2011,11/18/2011,5,NA,0,898.5714286,3,2,2,0.142857143,0.714285714
33505,2014,10/15/2014,11,1.990264129,NA,766,1,1,1,0,5
33505,2014,11/12/2014,11,1.990264129,NA,766,2,1,1,1,6.666666667
40001,2016,9/28/2016,3,-1.045047082,1,736,1,1,1,0,0
40001,2016,10/13/2016,5,-0.475539135,1,736,2,1,1,0,0.666666667
40001,2016,11/22/2016,5,1.232984704,1,736,3,1,1,0,0.833333333
40009,2010,9/17/2010,5,0.520857144,0,559.5833333,1,1,1,173,174
40009,2010,10/11/2010,5,1.141746454,0,559.5833333,2,1,1,187.4,188.2
40009,2010,11/1/2010,5,-0.720921477,0,559.5833333,3,1,1,170.2857143,170.8571429
40011,2011,9/20/2011,11,NA,1,760.7142857,1,1,1,0,3
40011,2011,10/15/2011,11,NA,1,760.7142857,2,1,1,0,1.75
40011,2011,11/18/2011,11,NA,1,760.7142857,3,1,1,0,1.428571429
40011,2016,11/23/2016,5,0.093968811,1,733,1,2,6,1.5,3.5
40012,2010,9/26/2010,11,-0.100032167,1,831.25,1,1,1,1.25,2.25
40012,2010,10/19/2010,11,-0.100032167,1,831.25,2,1,1,1.333333333,2.166666667
40012,2010,11/22/2010,11,1.141746454,1,831.25,3,1,1,1.111111111,1.777777778
40012,2011,9/24/2011,11,NA,1,852.5,1,2,2,29.33333333,31
40012,2011,10/18/2011,11,NA,1,852.5,2,2,2,20.8,22
40012,2011,11/9/2011,11,NA,1,852.5,3,2,2,16.14285714,17.14285714
40012,2014,10/16/2014,11,-0.893268152,1,775,1,3,5,0,1
40012,2014,11/13/2014,11,1.990264129,1,775,2,3,5,0,1.75
40012,2016,9/26/2016,11,0.093968811,1,782.3333333,1,4,7,2,2
40012,2016,10/7/2016,11,0.663476758,1,782.3333333,2,4,7,1,1
40012,2016,11/17/2016,11,-0.475539135,1,782.3333333,3,4,7,1.8,1.8
40012,2017,10/12/2017,11,-0.144946689,1,746.6,1,5,8,12,12
40012,2017,12/8/2017,11,-0.144946689,1,746.6,2,5,8,11.5,11.5
40013,2010,9/30/2010,5,-0.100032167,1,732.2727273,1,1,1,0.333333333,3
40013,2010,10/11/2010,5,-0.720921477,1,732.2727273,2,1,1,1.75,4
40013,2010,11/1/2010,8,-0.100032167,1,732.2727273,3,1,1,4.666666667,6.166666667
40013,2011,9/25/2011,3,NA,1,725.625,1,2,2,12,16.66666667
40013,2011,10/6/2011,5,NA,1,725.625,2,2,2,11.25,14.75
40013,2011,10/27/2011,2,NA,1,725.625,3,2,2,11.16666667,13.66666667
40013,2011,10/27/2011,2,NA,1,725.625,4,2,2,11.16666667,13.66666667
40013,2014,10/16/2014,1,-1.854445579,1,645,1,3,5,9,10.5
40013,2014,11/12/2014,1,-0.893268152,1,645,2,3,5,5.75,7.75
40013,2016,10/1/2016,3,-1.045047082,1,677.6,1,4,7,9,13
40013,2016,10/8/2016,5,1.802492651,1,677.6,2,4,7,6,9
40013,2016,11/22/2016,5,-1.614555029,1,677.6,3,4,7,5.2,7.6
40014,2011,9/21/2011,1,NA,0,829.1666667,1,1,1,0,3
40014,2011,10/4/2011,5,NA,0,829.1666667,2,1,1,0,3.5
40014,2011,10/27/2011,5,NA,0,829.1666667,3,1,1,0.25,3.25
40014,2011,10/27/2011,5,NA,0,829.1666667,4,1,1,0.25,3.25
40014,2011,11/7/2011,5,NA,0,829.1666667,5,1,1,0.4,3
40014,2014,10/16/2014,5,-0.893268152,0,716.6666667,1,2,4,0,2.5
40014,2014,11/12/2014,5,0.067909275,0,716.6666667,2,2,4,0,2.75
40014,2015,10/20/2015,5,-1.4138571,0,840,1,3,5,5,6
40014,2015,11/3/2015,5,-1.819898535,0,840,2,3,5,4.5,5.5
40014,2017,9/25/2017,4,-0.144946689,0,745,1,4,7,1,3
40014,2017,10/9/2017,5,-0.144946689,0,745,2,4,7,2.5,4.5
40014,2017,12/5/2017,5,-0.144946689,0,745,3,4,7,2.333333333,3.333333333
40015,2010,9/16/2010,11,-0.720921477,0,786.6666667,1,1,1,105,106
40015,2010,9/28/2010,11,-0.720921477,0,786.6666667,2,1,1,134.75,135.5
40015,2010,10/21/2010,11,1.141746454,0,786.6666667,3,1,1,143.3333333,143.8333333
40015,2011,10/1/2011,11,NA,0,880.8333333,1,2,2,0,6.5
40015,2011,10/24/2011,10,NA,0,880.8333333,2,2,2,0.25,5.5
40015,2011,11/15/2011,8,NA,0,880.8333333,3,2,2,0.166666667,4
40015,2016,10/14/2016,8,0.093968811,0,828,1,3,7,0,1.5
40015,2016,11/24/2016,11,0.093968811,0,828,2,3,7,0.2,1.6
40015,2017,12/6/2017,11,-0.144946689,0,797,1,4,8,2.5,2.75
40018,2016,9/28/2016,4,-0.475539135,1,615.8,1,1,1,0,0
40018,2016,10/9/2016,2,-1.045047082,1,615.8,2,1,1,0,0
40018,2016,11/23/2016,3,-1.045047082,1,615.8,3,1,1,0.4,0.4
40018,2017,11/30/2017,4,-1.217005222,1,683,1,2,2,1,1
40019,2011,9/25/2011,5,NA,0,741.6666667,1,1,1,14,19
40019,2011,10/6/2011,5,NA,0,741.6666667,2,1,1,8.5,13.5
40019,2011,10/27/2011,2,NA,0,741.6666667,3,1,1,10.75,14.75
40019,2011,10/27/2011,2,NA,0,741.6666667,4,1,1,10.75,14.75
40019,2011,11/18/2011,5,NA,0,741.6666667,5,1,1,10.5,13.66666667
40019,2014,10/16/2014,3,0.067909275,0,758,1,2,4,13,17
40019,2014,11/12/2014,5,-0.893268152,0,758,2,2,4,17.66666667,20.33333333
40019,2015,9/30/2015,9,1.022391511,0,718.75,1,3,5,5,9
40019,2015,10/15/2015,3,0.616350076,0,718.75,2,3,5,7,11.33333333
40019,2015,10/29/2015,5,0.616350076,0,718.75,3,3,5,6.75,11
40019,2016,9/22/2016,5,-1.045047082,0,724.5,1,4,6,1,6
40019,2016,10/2/2016,5,-0.475539135,0,724.5,2,4,6,35.5,40.5
40019,2016,11/14/2016,5,0.093968811,0,724.5,3,4,6,47.8,52.2
40019,2017,12/4/2017,5,-1.753034488,0,722,1,5,7,1.25,2.5
40022,2010,9/17/2010,5,-1.341810787,0,666.6666667,1,1,1,0,2
40022,2010,10/21/2010,11,-0.720921477,0,666.6666667,2,1,1,8.333333333,9.333333333
40022,2010,11/2/2010,11,1.141746454,0,666.6666667,3,1,1,10.28571429,11.14285714
40023,2010,9/18/2010,5,-0.100032167,0,747.0833333,1,1,1,5.666666667,8.666666667
40023,2010,10/6/2010,3,1.141746454,0,747.0833333,2,1,1,4.8,6.6
40023,2010,11/8/2010,10,1.141746454,0,747.0833333,3,1,1,4.375,5.625
40024,2011,9/24/2011,5,NA,1,658.75,1,1,1,3.333333333,7.333333333
40024,2011,10/13/2011,6,NA,1,658.75,2,1,1,2.4,5.8
40024,2011,11/14/2011,6,NA,1,658.75,3,1,1,2.25,5.375
40040,2010,9/29/2010,1,1.762635764,1,839,1,1,1,3,4.5
40040,2010,10/10/2010,3,-1.341810787,1,839,2,1,1,6,7.333333333
40040,2010,11/2/2010,3,1.141746454,1,839,3,1,1,13.2,14
40040,2011,10/18/2011,4,NA,1,869,1,2,2,5.5,6.5
40040,2011,11/9/2011,3,NA,1,869,2,2,2,4.75,5.25
40040,2014,11/12/2014,1,0.067909275,1,802.5,1,3,5,0,2.5
40040,2014,11/25/2014,5,0.067909275,1,802.5,2,3,5,0,2
40040,2016,10/1/2016,2,0.093968811,1,790.6666667,1,4,7,11,12
40040,2016,10/13/2016,2,0.093968811,1,790.6666667,2,4,7,14,15
40040,2016,11/23/2016,5,0.093968811,1,790.6666667,3,4,7,13.6,14.6
40040,2017,9/21/2017,2,-0.144946689,1,821.1666667,1,5,8,1,2
40040,2017,10/4/2017,2,-0.144946689,1,821.1666667,2,5,8,1.5,3
40040,2017,11/30/2017,3,-0.144946689,1,821.1666667,3,5,8,1.333333333,2.166666667
40044,2010,10/5/2010,4,1.141746454,1,693.3333333,1,1,1,0.2,1.2
40044,2010,10/27/2010,7,1.141746454,1,693.3333333,2,1,1,1.142857143,1.857142857
40044,2010,11/29/2010,3,1.141746454,1,693.3333333,3,1,1,2.8,3.3
40044,2011,9/23/2011,5,NA,1,709.1666667,1,2,2,1,2
40044,2011,10/14/2011,4,NA,1,709.1666667,2,2,2,0.666666667,2.333333333
40044,2011,11/14/2011,5,NA,1,709.1666667,3,2,2,0.666666667,1.5
40044,2014,10/14/2014,1,0.067909275,1,602.5,1,3,5,1,3
40044,2014,11/11/2014,8,0.067909275,1,602.5,2,3,5,0.5,3
40044,2015,10/13/2015,5,NA,1,717.6,2,4,6,0,5
40044,2015,10/27/2015,3,1.022391511,1,717.6,3,4,6,0,5
40044,2016,9/23/2016,7,0.663476758,1,700.5,1,5,7,68,68
40044,2016,10/2/2016,5,1.232984704,1,700.5,2,5,7,52.5,52.5
40044,2016,11/14/2016,5,1.802492651,1,700.5,3,5,7,66.4,67.2
40044,2017,9/19/2017,5,1.463141109,1,677.5,1,6,8,149,149
40044,2017,10/2/2017,5,1.463141109,1,677.5,2,6,8,229.5,230.5
40044,2017,11/28/2017,5,1.463141109,1,677.5,3,6,8,175.5,176.1666667
40047,2011,10/27/2011,5,NA,1,781.25,1,1,1,17.5,20
40047,2011,10/27/2011,5,NA,1,781.25,2,1,1,17.5,20
40047,2011,11/7/2011,3,NA,1,781.25,3,1,1,13.66666667,15.66666667
40047,2014,10/16/2014,5,0.067909275,1,694.1666667,1,2,4,0,2.5
40047,2014,11/13/2014,5,-0.893268152,1,694.1666667,2,2,4,0,2.25
40047,2015,9/25/2015,5,-2.22593997,1,745.4,1,3,5,2,5
40047,2015,10/5/2015,5,1.022391511,1,745.4,2,3,5,1,3
40047,2015,10/20/2015,5,0.210308641,1,745.4,3,3,5,1.666666667,4
40047,2017,9/22/2017,5,-1.217005222,1,686.2,1,4,7,0,2
40047,2017,10/5/2017,8,-1.753034488,1,686.2,2,4,7,0,1.5
40047,2017,12/4/2017,4,-1.753034488,1,686.2,3,4,7,4.166666667,5
40070,2011,9/25/2011,3,NA,0,659.1666667,1,1,1,6,9
40070,2011,10/18/2011,3,NA,0,659.1666667,2,1,1,3.333333333,7
40070,2011,11/9/2011,5,NA,0,659.1666667,3,1,1,2.4,4.6
40070,2016,11/24/2016,2,-0.475539135,0,628.3333333,1,2,6,4.666666667,6
40070,2017,9/21/2017,1,-0.144946689,0,595.8333333,1,3,7,17,20
40070,2017,10/4/2017,2,-0.680975956,0,595.8333333,2,3,7,26,28
40070,2017,11/30/2017,2,-0.144946689,0,595.8333333,3,3,7,12.5,13.33333333
40071,2010,10/5/2010,11,-1.962700097,0,635,1,1,1,0,0
40071,2010,11/18/2010,1,1.141746454,0,635,2,1,1,0.428571429,0.428571429
40071,2011,9/26/2011,3,NA,0,741.4285714,1,2,2,0,1
40071,2011,10/23/2011,8,NA,0,741.4285714,2,2,2,0,0.2
40071,2011,11/19/2011,8,NA,0,741.4285714,3,2,2,0,0.142857143
40074,2011,10/28/2011,11,NA,0,737.5,1,1,1,8,8
40074,2011,11/18/2011,8,NA,0,737.5,2,1,1,5.5,6.5
40074,2014,10/16/2014,8,1.990264129,0,601,1,2,4,0,5
40074,2014,11/12/2014,11,1.990264129,0,601,2,2,4,0,4.333333333
40074,2017,9/25/2017,8,1.463141109,0,603.8,1,3,7,0,1
40074,2017,10/9/2017,2,1.463141109,0,603.8,2,3,7,0,0.5
40074,2017,12/5/2017,2,1.463141109,0,603.8,3,3,7,0,0.166666667
40077,2010,10/6/2010,3,0.520857144,0,650.5,1,1,1,3.333333333,6.666666667
40077,2010,10/28/2010,4,1.762635764,0,650.5,2,1,1,9.6,11.6
40077,2010,11/18/2010,4,1.762635764,0,650.5,3,1,1,13,14.71428571
40077,2011,10/23/2011,3,NA,0,660,1,2,2,0.333333333,1.833333333
40077,2011,11/19/2011,3,NA,0,660,2,2,2,1.25,2.625
40077,2014,10/15/2014,2,0.067909275,0,660.8333333,1,3,5,0,6
40077,2014,11/11/2014,3,1.990264129,0,660.8333333,2,3,5,0.75,7.25
40077,2015,10/6/2015,5,1.022391511,0,750.4,1,4,6,6,10
40077,2015,10/21/2015,9,1.022391511,0,750.4,2,4,6,5.333333333,10
40077,2015,11/4/2015,5,1.022391511,0,750.4,3,4,6,4.25,9
40077,2016,9/26/2016,5,-0.475539135,0,692.3333333,1,5,7,1,1
40077,2016,10/8/2016,4,1.802492651,0,692.3333333,2,5,7,12.5,13.5
40077,2016,11/22/2016,3,1.802492651,0,692.3333333,3,5,7,26.2,28
40077,2017,9/20/2017,10,1.463141109,0,638.3333333,1,6,8,0,2
40077,2017,10/3/2017,4,0.927111843,0,638.3333333,2,6,8,29.5,32
40077,2017,11/29/2017,3,1.463141109,0,638.3333333,3,6,8,48.5,50.16666667
40100,2011,9/25/2011,2,NA,1,700.7142857,1,1,1,1.666666667,3.333333333
40100,2011,11/7/2011,5,NA,1,700.7142857,2,1,1,2.285714286,3.285714286
40101,2010,9/29/2010,1,-1.962700097,0,695.4166667,1,1,1,6.5,8.75
40101,2010,10/8/2010,3,-1.341810787,0,695.4166667,2,1,1,13,14.8
40101,2010,11/1/2010,3,-1.341810787,0,695.4166667,3,1,1,15.14285714,16.42857143
40101,2011,9/13/2011,4,NA,0,710,1,2,2,3.666666667,11.33333333
40101,2011,10/6/2011,2,NA,0,710,2,2,2,6.2,12.4
40101,2011,10/28/2011,3,NA,0,710,3,2,2,5.428571429,11.14285714
40101,2011,11/19/2011,2,NA,0,710,4,2,2,6.444444444,12.22222222
40102,2011,10/17/2011,2,NA,0,697.1428571,1,1,1,2.333333333,11
40102,2011,11/18/2011,2,NA,0,697.1428571,2,1,1,1.5,8.666666667
40104,2011,9/24/2011,8,NA,0,784.1666667,1,1,1,2,4
40104,2011,10/13/2011,5,NA,0,784.1666667,2,1,1,0.666666667,3.333333333
40104,2011,11/14/2011,2,NA,0,784.1666667,3,1,1,0.833333333,3
40104,2014,10/14/2014,5,0.067909275,0,731.6666667,1,2,4,0.5,3
40104,2014,11/11/2014,5,1.029086702,0,731.6666667,2,2,4,1.25,3.25
40104,2015,9/28/2015,5,1.022391511,0,803.75,1,3,5,0,0
40104,2015,10/13/2015,5,0.210308641,0,803.75,2,3,5,0,0
40104,2015,10/27/2015,5,0.616350076,0,803.75,3,3,5,0,0
40104,2016,9/26/2016,5,-0.475539135,0,815,1,4,6,6,6
40104,2016,10/7/2016,2,-0.475539135,0,815,2,4,6,4.5,4.5
40104,2016,11/17/2016,5,-1.045047082,0,815,3,4,6,13.6,14.2
40104,2017,9/20/2017,5,-0.144946689,0,711.5,1,5,7,1,2
40104,2017,9/22/2017,5,-1.217005222,0,711.5,2,5,7,1,2
40104,2017,10/5/2017,3,-1.217005222,0,711.5,3,5,7,18.5,19.5
40107,2010,10/22/2010,3,-1.962700097,1,813.75,1,1,1,0.5,1.5
40107,2010,11/10/2010,1,-0.100032167,1,813.75,2,1,1,0.5,1.25
40107,2010,11/21/2010,3,-1.341810787,1,813.75,3,1,1,0.4,1.2
40107,2011,9/23/2011,2,NA,1,712.8571429,1,2,2,0.5,0.5
40107,2011,10/17/2011,4,NA,1,712.8571429,2,2,2,0.5,0.5
40107,2011,10/28/2011,2,NA,1,712.8571429,3,2,2,0.4,0.4
40107,2011,11/18/2011,3,NA,1,712.8571429,4,2,2,0.285714286,0.428571429
40111,2011,10/2/2011,5,NA,1,782.4285714,1,1,1,0.666666667,0.666666667
40111,2011,10/25/2011,4,NA,1,782.4285714,2,1,1,0.4,0.6
40111,2011,11/17/2011,5,NA,1,782.4285714,3,1,1,0.285714286,0.571428571
40112,2010,10/19/2010,3,-0.100032167,0,931.4285714,1,1,1,4,6
40112,2010,11/11/2010,3,-0.720921477,0,931.4285714,2,1,1,4,4.666666667
40112,2010,12/3/2010,3,-0.720921477,0,931.4285714,3,1,1,3,3.4
40112,2011,9/21/2011,7,NA,0,906.875,1,2,2,1.666666667,2
40112,2011,10/17/2011,5,NA,0,906.875,2,2,2,6.6,7.2
40170,2011,11/4/2011,3,NA,0,792.5,1,1,1,0,4
40174,2014,10/14/2014,11,1.029086702,1,612,1,1,1,0,4
40174,2014,11/11/2014,11,-0.893268152,1,612,2,1,1,1.25,5.5
40174,2015,9/28/2015,5,-0.60177423,1,693.6,1,2,2,3,4.5
40174,2015,10/13/2015,5,-1.007815665,1,693.6,2,2,2,3.666666667,6
40174,2015,10/27/2015,5,0.210308641,1,693.6,3,2,2,4.75,7.75
40174,2016,9/22/2016,2,-1.614555029,1,659.3333333,1,3,3,14,17
40174,2016,10/5/2016,11,0.093968811,1,659.3333333,2,3,3,32.5,35.5
40174,2016,11/15/2016,2,0.093968811,1,659.3333333,3,3,3,26.6,28.4
40174,2017,9/22/2017,2,-0.144946689,1,620.4,1,4,4,0,2
40174,2017,10/5/2017,2,-0.144946689,1,620.4,2,4,4,0.5,3
40174,2017,12/4/2017,4,-0.144946689,1,620.4,3,4,4,5.166666667,7
40380,2016,9/27/2016,5,0.663476758,1,736.6666667,1,1,1,0,1
40380,2016,10/6/2016,5,1.232984704,1,736.6666667,2,1,1,0,2
40380,2016,11/16/2016,2,1.232984704,1,736.6666667,3,1,1,0,2.4
40380,2017,9/28/2017,2,0.391082577,1,775,1,2,2,0,1
40380,2017,10/10/2017,11,1.463141109,1,775,2,2,2,0.5,1.5
40380,2017,12/6/2017,11,-0.144946689,1,775,3,2,2,0.666666667,1.5
40714,2014,10/15/2014,11,0.067909275,1,501,1,1,1,0,1
40714,2014,11/20/2014,11,0.067909275,1,501,2,1,1,0,0.5
40714,2016,9/27/2016,5,-0.475539135,1,622,1,2,3,1,2
40714,2016,10/5/2016,11,0.093968811,1,622,2,2,3,1,2
40721,2014,10/16/2014,1,0.067909275,0,819.1666667,1,1,1,7,9.5
40721,2014,11/13/2014,11,-0.893268152,0,819.1666667,2,1,1,4.5,7.25
40721,2016,11/24/2016,2,0.093968811,0,852,1,2,3,7,8
40721,2017,9/21/2017,1,-0.680975956,0,838.3333333,1,3,4,0,1
40721,2017,10/4/2017,3,0.391082577,0,838.3333333,2,3,4,0,1.5
40721,2017,11/30/2017,2,0.391082577,0,838.3333333,3,3,4,0.166666667,1.333333333
40722,2015,9/28/2015,5,1.022391511,1,685,1,1,1,1.5,1.5
40722,2015,10/13/2015,5,1.022391511,1,685,2,1,1,1,1
40722,2015,10/27/2015,2,1.022391511,1,685,3,1,1,0.75,1
40722,2016,9/23/2016,3,0.663476758,1,666.8333333,1,2,2,1,1
40722,2016,10/2/2016,11,1.802492651,1,666.8333333,2,2,2,11.5,12.5
40722,2016,11/14/2016,1,1.802492651,1,666.8333333,3,2,2,29.66666667,31.5
40722,2017,10/12/2017,2,1.463141109,1,635.6,1,3,3,2.5,8
40722,2017,12/8/2017,3,1.463141109,1,635.6,2,3,3,3.833333333,6.333333333
40743,2014,10/15/2014,11,-0.893268152,1,655,1,1,1,0,3
40743,2014,11/11/2014,3,-0.893268152,1,655,2,1,1,0,3.333333333
40743,2015,9/25/2015,5,-2.22593997,1,695,1,2,2,0,3
40743,2015,10/5/2015,5,1.022391511,1,695,2,2,2,0,4
40743,2015,10/21/2015,5,-2.631981405,1,695,3,2,2,0,4
40743,2016,10/1/2016,5,1.802492651,1,721.3333333,1,3,3,0,2
40743,2016,10/9/2016,5,1.802492651,1,721.3333333,2,3,3,0,2
40743,2016,11/23/2016,5,1.802492651,1,721.3333333,3,3,3,0,2.4
40743,2017,9/20/2017,2,1.463141109,1,704.5,1,4,4,0,3
40743,2017,10/3/2017,5,1.463141109,1,704.5,2,4,4,8,10.5
40743,2017,11/29/2017,8,1.463141109,1,704.5,3,4,4,4.666666667,6.333333333
40745,2014,10/15/2014,11,0.067909275,0,516,1,1,1,1,5
40745,2014,11/11/2014,5,-0.893268152,0,516,2,1,1,0.5,4.75
40745,2015,9/29/2015,5,-0.60177423,0,674,1,2,2,3.5,7.5
40745,2015,10/14/2015,9,-1.819898535,0,674,2,2,2,3.333333333,7.666666667
40745,2015,10/28/2015,9,0.210308641,0,674,3,2,2,4.25,10.25
40745,2016,9/26/2016,5,0.093968811,0,742.8333333,1,3,3,0,3
40745,2016,10/8/2016,5,-0.475539135,0,742.8333333,2,3,3,0.5,2
40745,2016,11/21/2016,2,-1.045047082,0,742.8333333,3,3,3,3.8,6
40745,2017,9/19/2017,5,-1.753034488,0,679.2,1,4,4,0,2
40745,2017,10/2/2017,3,-0.144946689,0,679.2,2,4,4,38,40
40745,2017,11/28/2017,7,-1.217005222,0,679.2,3,4,4,39.66666667,40.83333333
40772,2014,10/15/2014,9,0.067909275,1,556,1,1,1,0,1
40772,2014,11/11/2014,5,0.067909275,1,556,2,1,1,0,1.333333333
40772,2015,9/28/2015,5,0.210308641,1,689.8,1,2,2,0.5,3
40772,2015,10/13/2015,2,-0.195732794,1,689.8,2,2,2,2.333333333,4.666666667
40772,2015,10/27/2015,5,0.616350076,1,689.8,3,2,2,2.5,4.75
40772,2016,9/22/2016,2,1.802492651,1,696.5,1,3,3,0,1
40772,2016,10/5/2016,1,1.232984704,1,696.5,2,3,3,13,14.5
40772,2016,11/15/2016,2,1.802492651,1,696.5,3,3,3,34.33333333,36.16666667
40772,2017,9/28/2017,1,1.463141109,1,632.4,1,4,4,0,3
40772,2017,10/12/2017,5,0.927111843,1,632.4,2,4,4,0,3
40772,2017,12/8/2017,2,1.463141109,1,632.4,3,4,4,0,1
41002,2014,10/16/2014,3,1.029086702,0,635,1,1,1,0,3
41002,2014,11/12/2014,8,1.029086702,0,635,2,1,1,0,2.666666667
41002,2015,10/13/2015,5,-0.60177423,0,688.3333333,1,2,2,0,0
41002,2015,10/28/2015,5,-0.60177423,0,688.3333333,2,2,2,1,1.5
41002,2016,10/1/2016,5,-0.475539135,0,656.3333333,1,3,3,0,1
41002,2016,10/13/2016,2,-1.045047082,0,656.3333333,2,3,3,0,1
41002,2016,11/22/2016,5,-1.045047082,0,656.3333333,3,3,3,0,1
41002,2017,10/12/2017,7,-1.753034488,0,646.5,1,4,4,2,3
41002,2017,12/8/2017,5,-1.753034488,0,646.5,2,4,4,1,2.4
41004,2014,10/16/2014,11,1.029086702,NA,480.8333333,1,1,1,5.5,9
41004,2014,11/11/2014,10,-0.893268152,NA,480.8333333,2,1,1,7,10.25
41007,2016,9/26/2016,11,-1.045047082,1,602.8333333,1,1,1,0,3
41007,2016,10/8/2016,11,0.093968811,1,602.8333333,2,1,1,0.5,4.5
41007,2016,11/23/2016,11,0.093968811,1,602.8333333,3,1,1,1.4,5.2
41011,2017,9/25/2017,9,-0.144946689,0,596.2,1,1,1,0,2
41011,2017,10/9/2017,11,-0.144946689,0,596.2,2,1,1,0,2
41011,2017,12/5/2017,4,-0.144946689,0,596.2,3,1,1,0.166666667,1.666666667
41021,2015,9/29/2015,5,1.022391511,1,698.3333333,1,1,1,0,2
41021,2015,10/14/2015,3,-1.007815665,1,698.3333333,2,1,1,0,1.666666667
41021,2015,10/28/2015,5,1.022391511,1,698.3333333,3,1,1,0,1.75
41021,2016,11/24/2016,2,-1.045047082,1,678.6666667,1,2,2,0,2.75
41021,2017,9/21/2017,1,-1.753034488,1,680.3333333,1,3,3,0,3
41021,2017,10/4/2017,5,-1.753034488,1,680.3333333,2,3,3,0.5,3.5
41021,2017,11/30/2017,2,1.463141109,1,680.3333333,3,3,3,0.333333333,2
41040,2014,10/16/2014,3,-0.893268152,NA,602.5,1,1,1,7.5,9.5
41040,2014,11/12/2014,11,-0.893268152,NA,602.5,2,1,1,7.25,8.75
41040,2015,10/7/2015,5,-1.4138571,NA,624.8,1,2,2,1,4.5
41040,2015,10/14/2015,5,0.210308641,NA,624.8,2,2,2,0.666666667,4.333333333
41040,2015,10/28/2015,5,-0.195732794,NA,624.8,3,2,2,0.5,4
41040,2016,10/14/2016,1,-1.045047082,NA,653.8,1,3,3,0.5,4.5
41040,2016,11/23/2016,1,-1.045047082,NA,653.8,2,3,3,0.4,4.6
41040,2017,9/21/2017,3,-0.144946689,NA,573,1,4,4,0,2
41040,2017,10/4/2017,3,-0.144946689,NA,573,2,4,4,0,1.5
41077,2014,10/15/2014,3,0.067909275,1,612,1,1,1,0,1
41077,2014,11/12/2014,3,-1.854445579,1,612,2,1,1,0.333333333,1
41107,2014,10/15/2014,3,0.067909275,0,488.3333333,1,1,1,15,19
41107,2014,11/18/2014,11,0.067909275,0,488.3333333,2,1,1,10.4,14.8
41107,2016,10/9/2016,11,-1.045047082,0,579.8,1,2,3,2,5
41107,2016,11/23/2016,11,-1.045047082,0,579.8,2,2,3,2.25,4
41107,2017,9/19/2017,2,-0.144946689,0,522.3333333,1,3,4,7,10
41107,2017,10/2/2017,1,-0.680975956,0,522.3333333,2,3,4,10,12.5
41107,2017,11/28/2017,2,-0.144946689,0,522.3333333,3,3,4,10,11.66666667
41114,2014,10/16/2014,8,-0.893268152,0,650.8333333,1,1,1,16.5,18
41114,2014,11/13/2014,5,-0.893268152,0,650.8333333,2,1,1,11.75,13
41114,2015,9/30/2015,5,0.210308641,0,606.6,1,2,2,0,1
41114,2015,10/15/2015,5,1.022391511,0,606.6,2,2,2,0,1.333333333
41114,2015,10/29/2015,5,-2.22593997,0,606.6,3,2,2,0,1.25
41114,2016,9/26/2016,3,-1.045047082,0,653.6666667,1,3,3,0,0
41114,2016,10/7/2016,5,-1.045047082,0,653.6666667,2,3,3,0,0
41114,2016,11/16/2016,5,-1.045047082,0,653.6666667,3,3,3,0,0
41114,2017,9/20/2017,5,-1.217005222,0,712.3333333,1,4,4,8,8
41114,2017,10/3/2017,2,-1.753034488,0,712.3333333,2,4,4,67.5,67.5
41114,2017,11/29/2017,9,-1.753034488,0,712.3333333,3,4,4,72.83333333,72.83333333
41124,2014,10/15/2014,5,1.029086702,0,672.5,1,1,1,0,0
41124,2014,11/21/2014,5,-0.893268152,0,672.5,2,1,1,0,0.333333333
41124,2015,10/5/2015,5,0.616350076,0,726,1,2,2,2,3
41124,2015,10/20/2015,4,0.616350076,0,726,2,2,2,1.333333333,2.333333333
41124,2015,11/3/2015,5,0.616350076,0,726,3,2,2,1,2.25
41124,2016,9/26/2016,1,-1.045047082,0,793.5,1,3,3,2,4
41124,2016,10/7/2016,5,0.093968811,0,793.5,2,3,3,2,4
41124,2016,11/17/2016,3,0.093968811,0,793.5,3,3,3,2.8,4.4
41124,2017,9/28/2017,2,-0.680975956,0,827,1,4,4,0,3
41124,2017,10/10/2017,4,-0.144946689,0,827,2,4,4,0,3
41124,2017,12/6/2017,4,-0.144946689,0,827,3,4,4,1.666666667,3.166666667
41127,2015,9/25/2015,9,-1.4138571,1,730,1,1,1,0,5
41127,2015,10/5/2015,5,-0.195732794,1,730,2,1,1,0,3.5
41127,2015,10/20/2015,3,0.616350076,1,730,3,1,1,0.666666667,4.333333333
41167,2016,9/27/2016,1,0.093968811,1,726.8333333,1,1,1,0,8
41167,2016,10/8/2016,1,-1.045047082,1,726.8333333,2,1,1,0,7.5
41167,2016,11/21/2016,5,0.093968811,1,726.8333333,3,1,1,1.4,9.6
41167,2017,9/20/2017,1,-0.144946689,1,730.6666667,1,2,2,0,4
41167,2017,10/3/2017,2,-0.144946689,1,730.6666667,2,2,2,0,3
41167,2017,11/29/2017,1,-0.144946689,1,730.6666667,3,2,2,1.166666667,3.833333333
41201,2014,10/16/2014,11,0.067909275,0,670,1,1,1,NA,NA
41201,2014,11/13/2014,11,0.067909275,0,670,2,1,1,0.5,4.5
41201,2016,10/14/2016,11,0.093968811,0,785.4,1,2,3,2.5,3
41201,2016,11/24/2016,11,0.093968811,0,785.4,2,2,3,1.6,3.2
41201,2017,12/6/2017,11,-0.144946689,0,749.6666667,1,3,4,12.5,13.25
41204,2015,9/29/2015,5,-0.195732794,0,725.4,1,1,1,0,4
41204,2015,10/14/2015,8,-1.4138571,0,725.4,2,1,1,0,3.666666667
41204,2016,9/26/2016,3,-1.045047082,0,655.1666667,1,2,2,0,7
41204,2016,10/7/2016,2,1.232984704,0,655.1666667,2,2,2,0.5,7.5
41204,2016,11/17/2016,1,0.093968811,0,655.1666667,3,2,2,9,15.2
41204,2017,9/20/2017,8,0.391082577,0,649.3333333,1,3,3,17,21
41204,2017,10/3/2017,5,-1.217005222,0,649.3333333,2,3,3,19,23
41204,2017,11/30/2017,8,1.463141109,0,649.3333333,3,3,3,12.16666667,15.16666667
41207,2015,10/1/2015,9,-0.60177423,0,541.5,1,1,1,1,4
41207,2015,10/16/2015,9,-1.4138571,0,541.5,2,1,1,2,4.333333333
41207,2016,9/23/2016,2,-1.045047082,0,649.8,1,2,2,0,2
41207,2016,10/8/2016,1,-1.045047082,0,649.8,2,2,2,30,32.5
41207,2016,11/21/2016,1,0.093968811,0,649.8,3,2,2,54.5,57.33333333
41207,2017,9/25/2017,2,-0.144946689,0,709.2,1,3,3,1,3
41207,2017,10/9/2017,1,-0.144946689,0,709.2,2,3,3,1,4
41207,2017,12/5/2017,3,-0.144946689,0,709.2,3,3,3,4.333333333,6.333333333
41210,2015,9/30/2015,5,-2.22593997,1,550.6,1,1,1,1,1
41210,2015,10/15/2015,11,-0.195732794,1,550.6,2,1,1,0.666666667,0.666666667
41210,2015,10/29/2015,11,-0.60177423,1,550.6,3,1,1,0.5,0.5
41210,2016,9/27/2016,11,0.093968811,1,557.8333333,1,2,2,0,0
41210,2016,10/5/2016,2,0.093968811,1,557.8333333,2,2,2,0.5,0.5
41210,2016,11/15/2016,2,0.093968811,1,557.8333333,3,2,2,0.6,0.6
41210,2017,9/21/2017,3,-0.144946689,1,590.6666667,1,3,3,0,0
41210,2017,10/4/2017,8,-0.144946689,1,590.6666667,2,3,3,0,0
41210,2017,11/30/2017,11,-0.144946689,1,590.6666667,3,3,3,0.166666667,0.333333333
41211,2015,9/30/2015,1,-0.195732794,0,553.3333333,1,1,1,0.5,6
41211,2015,10/15/2015,5,-0.195732794,0,553.3333333,2,1,1,0.333333333,6.333333333
41211,2015,10/29/2015,2,-0.60177423,0,553.3333333,3,1,1,0.25,6
41211,2016,9/22/2016,5,-1.045047082,0,719.8333333,1,2,2,0,5
41211,2016,10/2/2016,2,-0.475539135,0,719.8333333,2,2,2,52,57
41211,2016,11/14/2016,5,-1.045047082,0,719.8333333,3,2,2,58.4,62.2
41211,2017,9/25/2017,5,-0.144946689,0,740.2,1,3,3,1,2
41211,2017,10/9/2017,8,-1.217005222,0,740.2,2,3,3,4.5,7.5
41211,2017,12/5/2017,4,-1.753034488,0,740.2,3,3,3,4.666666667,6.333333333
41212,2015,9/29/2015,5,-1.007815665,0,674.4,1,1,1,0,0
41212,2015,10/14/2015,1,1.022391511,0,674.4,2,1,1,0,0
41212,2015,10/28/2015,2,1.022391511,0,674.4,3,1,1,0,0
41214,2015,9/28/2015,5,-0.60177423,0,787.4,1,1,1,0,3.5
41214,2015,10/13/2015,5,0.616350076,0,787.4,2,1,1,0,4
41214,2015,10/27/2015,5,-0.195732794,0,787.4,3,1,1,0.5,4.75
41214,2016,10/1/2016,5,-0.475539135,0,780.6,1,2,2,2,3
41214,2016,10/9/2016,5,0.093968811,0,780.6,2,2,2,13,14.5
41214,2016,11/22/2016,2,-0.475539135,0,780.6,3,2,2,25.6,27.4
41214,2017,9/19/2017,5,-0.680975956,0,646.5,1,3,3,2,6
41214,2017,10/2/2017,5,-0.144946689,0,646.5,2,3,3,1,5
41214,2017,11/28/2017,5,-0.144946689,0,646.5,3,3,3,1.166666667,4.166666667
41217,2015,9/25/2015,5,-0.195732794,1,606.6,1,1,1,0,1
41217,2015,10/6/2015,5,-1.819898535,1,606.6,2,1,1,0,1
41217,2015,10/21/2015,5,-1.007815665,1,606.6,3,1,1,0,1
41221,2015,9/30/2015,5,0.616350076,0,485,1,1,1,1.5,3.5
41221,2015,10/15/2015,3,-0.60177423,0,485,2,1,1,1.666666667,3.333333333
41221,2015,10/29/2015,1,-1.4138571,0,485,3,1,1,1.75,3
41221,2016,9/23/2016,3,-1.045047082,0,580,1,2,2,1,1
41221,2016,10/5/2016,3,0.663476758,0,580,2,2,2,19.5,20
41221,2016,11/14/2016,2,1.232984704,0,580,3,2,2,77.6,77.8
41222,2015,9/25/2015,3,-2.22593997,1,760.6,1,1,1,1,3
41222,2015,10/6/2015,4,-1.4138571,1,760.6,2,1,1,0.5,1.5
41222,2015,10/21/2015,5,-1.819898535,1,760.6,3,1,1,0.333333333,1.333333333
41222,2016,9/23/2016,3,-0.475539135,1,698.1666667,1,2,2,0,2
41222,2016,10/2/2016,2,0.093968811,1,698.1666667,2,2,2,21,22
41222,2016,11/14/2016,10,0.093968811,1,698.1666667,3,2,2,60,60.33333333
41224,2015,9/25/2015,11,-1.007815665,0,778,1,1,1,0,1
41224,2015,10/6/2015,5,0.616350076,0,778,2,1,1,0,0.5
41224,2015,10/21/2015,2,0.616350076,0,778,3,1,1,0,0.666666667
41227,2015,10/14/2015,5,0.616350076,1,585,1,1,1,2,5
41227,2017,9/26/2017,1,-1.753034488,1,581.6,1,2,3,0,0
41227,2017,10/10/2017,2,-0.680975956,1,581.6,2,2,3,0.5,0.5
41227,2017,12/5/2017,2,-1.753034488,1,581.6,3,2,3,0.166666667,0.5
41240,2015,10/7/2015,5,0.616350076,0,437.5,1,1,1,0,0
41240,2015,10/15/2015,2,0.616350076,0,437.5,2,1,1,0,0
41241,2015,10/7/2015,2,-1.007815665,0,800,1,1,1,0,3
41241,2015,10/22/2015,2,0.616350076,0,800,2,1,1,0,3
41241,2015,11/6/2015,5,-0.195732794,0,800,3,1,1,0,2.75
41242,2015,10/5/2015,8,0.210308641,1,625.75,1,1,1,0,2
41242,2015,10/21/2015,5,0.616350076,1,625.75,2,1,1,0,1.5
41242,2015,11/3/2015,5,0.616350076,1,625.75,3,1,1,0,1.333333333
41247,2015,10/6/2015,5,-1.819898535,0,641,1,1,1,0,5
41247,2015,10/21/2015,5,-1.4138571,0,641,2,1,1,0,3.5
41247,2015,11/4/2015,5,0.616350076,0,641,3,1,1,0,2.666666667
41270,2015,10/21/2015,11,-0.60177423,0,735,1,1,1,0,2
41270,2015,11/4/2015,5,0.616350076,0,735,2,1,1,0.5,2.5
41270,2016,10/1/2016,11,1.232984704,0,797,1,2,2,0,3
41270,2016,10/8/2016,2,1.802492651,0,797,2,2,2,0,2
41270,2016,11/22/2016,8,1.802492651,0,797,3,2,2,2,4.6
41271,2015,10/21/2015,5,1.022391511,0,770.3333333,1,1,1,0,1
41271,2015,11/4/2015,9,1.022391511,0,770.3333333,2,1,1,1,1.5
41272,2016,9/22/2016,5,0.093968811,1,620.8,1,1,1,1,4
41272,2016,10/6/2016,3,-1.045047082,1,620.8,2,1,1,1,3.5
41272,2016,11/15/2016,5,-0.475539135,1,620.8,3,1,1,1.2,3.4
41272,2017,9/26/2017,3,-0.144946689,1,624,1,2,2,0,1
41272,2017,10/10/2017,7,-0.144946689,1,624,2,2,2,0,1
41272,2017,12/6/2017,5,-0.680975956,1,624,3,2,2,0.333333333,1.333333333
41282,2016,9/27/2016,5,1.232984704,0,696.6666667,1,1,1,2,2
41282,2016,10/6/2016,3,1.232984704,0,696.6666667,2,1,1,1,1
41282,2016,11/17/2016,5,-1.045047082,0,696.6666667,3,1,1,0.6,0.6
41400,2016,9/27/2016,11,0.093968811,1,735.4,1,1,1,0,2
41400,2016,10/5/2016,11,0.093968811,1,735.4,2,1,1,0,2.5
41400,2016,11/15/2016,11,0.093968811,1,735.4,3,1,1,0,3.4
41402,2016,9/28/2016,1,-1.045047082,1,609.8333333,1,1,1,0,3
41402,2016,10/7/2016,2,-0.475539135,1,609.8333333,2,1,1,1,5
41402,2016,11/16/2016,5,0.093968811,1,609.8333333,3,1,1,1.6,4.8
41404,2016,9/27/2016,1,-0.475539135,0,514.4,1,1,1,3,4
41404,2016,10/13/2016,2,-0.475539135,0,514.4,2,1,1,4,5.5
41404,2016,11/23/2016,2,-1.614555029,0,514.4,3,1,1,3.4,4
41502,2016,9/27/2016,5,0.093968811,0,698.1666667,1,1,1,1,2
41502,2016,10/6/2016,5,0.093968811,0,698.1666667,2,1,1,5,6.5
41502,2016,11/16/2016,5,0.093968811,0,698.1666667,3,1,1,4.6,6.2
41707,2016,9/26/2016,4,-1.045047082,1,673.3333333,1,1,1,0,0
41707,2016,10/7/2016,10,0.093968811,1,673.3333333,2,1,1,2,2.5
41707,2016,11/17/2016,5,-1.614555029,1,673.3333333,3,1,1,4.6,5.6
41711,2016,9/27/2016,11,0.093968811,0,627.8,1,1,1,0,1
41711,2016,10/7/2016,2,-1.045047082,0,627.8,2,1,1,0,1
41711,2016,11/17/2016,2,-1.045047082,0,627.8,3,1,1,0,1.2
41720,2016,9/28/2016,2,0.663476758,0,745.8,1,1,1,13,14
41720,2016,10/13/2016,2,-1.045047082,0,745.8,2,1,1,9,9.5
41720,2016,11/23/2016,2,-1.614555029,0,745.8,3,1,1,7.8,8
41727,2016,10/7/2016,11,0.093968811,0,585.6,1,1,1,0,1
41727,2016,11/17/2016,2,-1.614555029,0,585.6,2,1,1,0.25,1
41742,2016,11/15/2016,2,1.232984704,0,534,1,1,1,4,8
41772,2017,10/12/2017,2,-0.144946689,0,750.4,1,1,1,2,3.5
41772,2017,12/6/2017,5,-1.217005222,0,750.4,2,1,1,1.666666667,2.333333333
41778,2017,9/22/2017,5,-1.753034488,0,445,1,1,1,6,7
41778,2017,10/9/2017,4,-1.753034488,0,445,2,1,1,3.5,4.5
41800,2017,9/25/2017,11,-0.680975956,0,491.5,1,1,1,0,5
41808,2017,9/26/2017,11,-0.144946689,0,576,1,1,1,0,5
41808,2017,10/12/2017,1,-0.144946689,0,576,2,1,1,0,5
41810,2017,9/25/2017,2,-1.217005222,0,NA,1,1,1,NA,NA
41811,2017,9/22/2017,2,-0.144946689,1,512.4,1,1,1,0,3
41811,2017,10/5/2017,2,-0.680975956,1,512.4,2,1,1,0,2.5
41811,2017,12/4/2017,2,-0.680975956,1,512.4,3,1,1,0,2
41814,2017,9/28/2017,5,-0.144946689,0,631.4,1,1,1,0,0
41814,2017,10/12/2017,8,-0.144946689,0,631.4,2,1,1,0,0
41814,2017,12/8/2017,11,-0.144946689,0,631.4,3,1,1,0,0
41820,2017,10/10/2017,11,-0.144946689,0,590.5,1,1,1,8,11
41820,2017,12/8/2017,2,0.391082577,0,590.5,2,1,1,3,5.2
44171,2016,10/13/2016,2,-1.614555029,0,746.6,1,1,1,0,1
44171,2016,11/23/2016,5,-0.475539135,0,746.6,2,1,1,0,1
50827,2014,10/16/2014,8,1.990264129,1,675,1,1,1,0,3
50827,2014,11/12/2014,2,1.990264129,1,675,2,1,1,0,3.333333333
50827,2015,10/1/2015,2,-2.22593997,1,709.2,1,2,2,0,7
50827,2015,10/20/2015,5,1.022391511,1,709.2,2,2,2,0,6.333333333
50827,2015,11/3/2015,2,1.022391511,1,709.2,3,2,2,0.25,6.25
70007,2015,9/30/2015,9,-0.195732794,0,624.4,1,1,1,7,9.5
70007,2015,10/15/2015,5,-1.4138571,0,624.4,2,1,1,6.333333333,8.666666667
70007,2015,10/29/2015,9,-0.60177423,0,624.4,3,1,1,5.75,8.75
80509,2015,10/27/2015,5,-0.60177423,0,693.3333333,1,1,1,0,1
80509,2015,11/6/2015,5,0.616350076,0,693.3333333,2,1,1,0,1
80509,2016,9/27/2016,5,0.093968811,0,699.3333333,1,2,2,0,0
80509,2016,10/6/2016,5,0.093968811,0,699.3333333,2,2,2,0,0
80509,2016,11/16/2016,5,0.093968811,0,699.3333333,3,2,2,0.4,0.4
80509,2017,9/26/2017,11,-0.144946689,0,691.8,1,3,3,0,0
80509,2017,10/10/2017,5,-0.144946689,0,691.8,2,3,3,0,0
80509,2017,12/6/2017,5,-0.144946689,0,691.8,3,3,3,0.166666667,0.166666667
120829,2016,9/26/2016,5,-1.045047082,1,674.5,1,1,1,0,4
120829,2016,10/8/2016,8,-1.045047082,1,674.5,2,1,1,0,2.5
120829,2016,11/21/2016,8,1.802492651,1,674.5,3,1,1,1.8,3.4
120829,2017,9/21/2017,5,-0.144946689,1,676.6666667,1,2,2,0,2
120829,2017,10/4/2017,5,0.927111843,1,676.6666667,2,2,2,0,3
120829,2017,11/29/2017,8,1.463141109,1,676.6666667,3,2,2,0,1.5
10000000,2011,10/16/2011,8,NA,1,703,1,1,1,0,0
10000001,2011,9/15/2011,2,NA,0,531.6666667,1,1,1,0,0.5
10000006,2011,11/3/2011,11,NA,NA,NA,1,1,1,NA,NA
10000007,2011,10/25/2011,8,NA,NA,NA,1,1,1,NA,NA
10000007,2011,11/17/2011,2,NA,NA,NA,2,1,1,NA,NA
10000008,2011,10/1/2011,2,NA,NA,NA,1,1,1,NA,NA
10000008,2011,10/24/2011,2,NA,NA,NA,2,1,1,NA,NA
10000008,2011,11/19/2011,1,NA,NA,NA,3,1,1,NA,NA
10000009,2011,10/2/2011,11,NA,NA,NA,1,1,1,NA,NA
10000009,2011,10/25/2011,5,NA,NA,NA,2,1,1,NA,NA
10000009,2011,11/17/2011,5,NA,NA,NA,3,1,1,NA,NA
